{"web":{
    "client_id":"753123219897-flcv6b24ivlega6qps5fu7f5vt6056tn.apps.googleusercontent.com",
    "project_id":"meet-app-413908",
    "auth_uri":"https://accounts.google.com/o/oauth2/auth",
    "token_uri":"https://oauth2.googleapis.com/token",
    "auth_provider_x509_cert_url":"https://www.googleapis.com/oauth2/v1/certs",
    "client_secret":"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",
    "redirect_uris":["https://github.com/kt323/meet"],
    "javascript_origins":["https://kt323.github.io"]
}}